[
  { "province": "KPK", "city": "Abbottabad", "area": ["Abbottabad"] },
  { "province": "KPK", "city": "Adezai", "area": ["Adezai"] },
  { "province": "Punjab", "city": "Ahmedpur East", "area": ["Ahmedpur East"] },
  { "province": "Sindh", "city": "Ali Bandar", "area": ["Ali Bandar"] },
  { "province": "Punjab", "city": "Ali Pur", "area": ["Ali Pur"] },
  { "province": "Balochistan", "city": "Amir Chah", "area": ["Amir Chah"] },
  { "province": "Punjab", "city": "Arifwala", "area": ["Arifwala"] },
  { "province": "Gilgit & Baltistan", "city": "Astor", "area": ["Astor"] },
  { "province": "Punjab", "city": "Attock", "area": ["Attock"] },
  { "province": "KPK", "city": "Ayubia", "area": ["Ayubia"] },
  { "province": "Sindh", "city": "Baden", "area": ["Baden"] },
  { "province": "Kashmir", "city": "Bagh", "area": ["Bagh"] },
  { "province": "Punjab", "city": "Bahawalnagar", "area": ["Bahawalnagar"] },
  { "province": "Punjab", "city": "Bahawalpur", "area": ["Bahawalpur"] },
  { "province": "Fata", "city": "Bajaur", "area": ["Bajaur"] },
  { "province": "KPK", "city": "Banda Daud Shah", "area": ["Banda Daud Shah"] },
  { "province": "KPK", "city": "Bannu", "area": ["Bannu"] },
  { "province": "Punjab", "city": "Basti Malook", "area": ["Basti Malook"] },
  { "province": "KPK", "city": "Batagram", "area": ["Batagram"] },
  { "province": "Balochistan", "city": "Bazdar", "area": ["Bazdar"] },
  { "province": "Balochistan", "city": "Bela", "area": ["Bela"] },
  { "province": "Punjab", "city": "Bhaipheru", "area": ["Bhaipheru"] },
  {
    "province": "Punjab",
    "city": "Bhakkar",
    "area": ["Bhakkar", "Darya Khan"]
  },
  { "province": "Punjab", "city": "Bhalwal", "area": ["Bhalwal"] },
  { "province": "Kashmir", "city": "Bhimber", "area": ["Bhimber"] },
  { "province": "KPK", "city": "Birote", "area": ["Birote"] },
  { "province": "KPK", "city": "Buner", "area": ["Buner"] },
  { "province": "Punjab", "city": "Burewala", "area": ["Burewala"] },
  { "province": "Balochistan", "city": "Burj", "area": ["Burj"] },
  { "province": "Sindh", "city": "Chachro", "area": ["Chachro"] },
  { "province": "Balochistan", "city": "Chagai", "area": ["Chagai"] },
  { "province": "Balochistan", "city": "Chah Sandan", "area": ["Chah Sandan"] },
  { "province": "Punjab", "city": "Chailianwala", "area": ["Chailianwala"] },
  { "province": "KPK", "city": "Chakdara", "area": ["Chakdara"] },
  {
    "province": "Punjab",
    "city": "Chakwal",
    "area": [
      "Balkassar",
      "Chakwal",
      "Choa Saiden Shah",
      "Kallar Kahar",
      "Talagang"
    ]
  },
  { "province": "Balochistan", "city": "Chaman", "area": ["Chaman"] },
  { "province": "KPK", "city": "Charsadda", "area": ["Charsadda"] },
  { "province": "Punjab", "city": "Chichawatni", "area": ["Chichawatni"] },
  { "province": "Punjab", "city": "Chiniot", "area": ["Chiniot"] },
  { "province": "Punjab", "city": "Chowk Azam", "area": ["Chowk Azam"] },
  {
    "province": "Punjab",
    "city": "Chowk Sarwar Shaheed",
    "area": ["Chowk Sarwar Shaheed"]
  },
  { "province": "Sindh", "city": "Dadu", "area": ["Dadu"] },
  { "province": "Balochistan", "city": "Dalbandin", "area": ["Dalbandin"] },
  { "province": "KPK", "city": "Dargai", "area": ["Dargai"] },
  { "province": "KPK", "city": "Darya Khan", "area": ["Darya Khan"] },
  { "province": "Punjab", "city": "Daska", "area": ["Daska"] },
  { "province": "Balochistan", "city": "Dera Bugti", "area": ["Dera Bugti"] },
  {
    "province": "Punjab",
    "city": "Dera Ghazi Khan",
    "area": ["Dera Ghazi Khan"]
  },
  {
    "province": "KPK",
    "city": "Dera Ismail Khan",
    "area": ["Dera Ismail Khan"]
  },
  { "province": "Punjab", "city": "Derawar Fort", "area": ["Derawar Fort"] },
  { "province": "Balochistan", "city": "Dhana Sar", "area": ["Dhana Sar"] },
  { "province": "Punjab", "city": "Dhaular", "area": ["Dhaular"] },
  { "province": "Sindh", "city": "Digri", "area": ["Digri"] },
  { "province": "Punjab", "city": "Dina city" },
  { "province": "Punjab", "city": "Dinga", "area": ["Dinga"] },
  { "province": "Punjab", "city": "Dipalpur", "area": ["Dipalpur"] },
  { "province": "Sindh", "city": "Diplo", "area": ["Diplo"] },
  { "province": "Sindh", "city": "Dokri", "area": ["Dokri"] },
  { "province": "KPK", "city": "Drasan", "area": ["Drasan"] },
  { "province": "KPK", "city": "Drosh", "area": ["Drosh"] },
  {
    "province": "Punjab",
    "city": "Faisalabad",
    "area": /;lkm,./":/l.,."[
      "98/GB",
      "103 JB",
      "103 RB",
      "113 GB",
      "117 JB",
      "128 GB",
      "16 JB",
      "189 RB",
      "199 RB",
      "203 RB",
      "206 GB",
      "207 GB",
      "229 RB",
      "248 RB",
      "253 RB",
      "257 RB",
      "267 RB",
      "271 RB",
      "275 J.B",
      "353 GB",
      "433 GB",
      "447 GB",
      "45 GB",
      "482 GB",
      "583 GB",
      "59jb",
      "66 GB",
      "Jhumra",
      "Aminpur Bangla",
      "Ayub Agricultural Research Institute",
      "Board Of Education",
      "Buchiana",
      "Burj Mandi",
      "Dasuha",
      "Dich Kot",
      "Gangapur",
      "Garh",
      "Ghulam Muhammad Abad",
      "Jaranwala",
      "Kanjwani",
      "Khurrian Wala",
      "Madina Town",
      "Mamu Kanjan",
      "Millat Colony",
      "Millat Town",
      "Murid Wala",
      "Nishat Abad",
      "Noorpur",
      "P.A.F. Risalay Wala",
      "Peoples Colony No.2",
      "Pindi Shiekh Musa",
      "x   /,m.//.,mjn,",
      "Sahuwala",
      "Samundri",
      "Sitara Colony",
      "Tandlian Wala",
      "Thjkri Wala",
      "Rex City",
      "Satiyana Road",
      "Canal Colony",
      "Sargodha Road",
      "Faisalabad",
      "Hurmoy",
      "Clock Tower - Faisalabad",
      "Peoples Colony No.1",
      "Sadiq Market",
      "Samanabad - Faislabad"
    ]
  },
  { "province": "Punjab", "city": "Fateh Jang", "area": ["Fateh Jang"] },
  { "province": "Balochistan", "city": "Gandava", "area": ["Gandava"] },
  {
    "province": "Balochistan",
    "city": "Garhi Khairo",
    "area": ["Garhi Khairo"]
  },
  { "province": "Punjab", "city": "Ghakhar Mandi", "area": ["Ghakhar Mandi"] },
  { "province": "Sindh", "city": "Ghauspur", "area": ["Ghauspur"] },
  { "province": "Sindh", "city": "Ghotki", "area": ["Ghotki"] },
  { "province": "Punjab", "city": "Gujar Khan", "area": ["Gujar Khan"] },
  {
    "province": "Punjab",
    "city": "Gujranwala",
    "area": [
      "Allah Rakha Town",
      "Baghdad Town",
      "Bilal Town",
      "DHA Phase 2",
      "Faiz Alam Town",
      "Fareed Town",
      "Fazal Town",
      "Fizaia Housing Scheme",
      "Ghulam Muhammad Town",
      "Hajweri Town",
      "Industrial Estate",
      "Islam Pura",
      "Jalil Town",
      "Judicial Housing Colony",
      "Lalazar Colony",
      "Mohafiz Town",
      "Muslim Town",
      "Peoples Colony",
      "Qazi Town",
      "Rahwali Cantonments",
      "Rajput Town",
      "Sadaat Town",
      "Satellite Town",
      "Shalimar Town",
      "Siddique Akbar Town",
      "Sulaiman Town",
      "Wapda Town",
      "Gujranwala",
      "Gulzar Colony",
      "Alipur Chahta"
    ]
  },
  {
    "province": "Punjab",
    "city": "Gujrat",
    "area": [
      "Ali Town",
      "Awan Town",
      "Baghdad Colony",
      "Banth",
      "Bihar Colony",
      "Cheema Colony",
      "Dheerkay Khurd",
      "Ellahi Colony",
      "Faizabad",
      "Garhi Ahmedabad",
      "Green Town",
      "Gujarpur",
      "Gulshan-e-Ghulam Nabi",
      "Haryawala",
      "Islam Nagar",
      "Jamalpur Syedan",
      "Khokar Colony",
      "Kot Randhawa",
      "Lala Musa",
      "Lalwari Village",
      "Mohla Kalan",
      "Murapur",
      "Muslimabad",
      "Muslimpura",
      "Qadir Colony",
      "Railway Road Area",
      "Sargodha Road Area",
      "Shadola Road Area",
      "Spall Town",
      "Sultanabad",
      "Tibbi Ghorian",
      "Gujrat"
    ]
  },
  { "province": "Balochistan", "city": "Gulistan", "area": ["Gulistan"] },
  { "province": "Balochistan", "city": "Gwadar", "area": ["Gwadar"] },
  { "province": "Balochistan", "city": "Hab chauki", "area": ["Hab chauki"] },
  {
    "province": "Punjab",
    "city": "Hafizabad",
    "area": ["Hafizabad", "Pindi Bhattian"]
  },
  { "province": "Sindh", "city": "Hala", "area": ["Hala"] },
  { "province": "Balochistan", "city": "Hameedabad", "area": ["Hameedabad"] },
  { "province": "Fata", "city": "Hangu", "area": ["Hangu"] },
  { "province": "KPK", "city": "Haripur", "area": ["Haripur"] },
  { "province": "Balochistan", "city": "Harnai", "area": ["Harnai"] },
  { "province": "Punjab", "city": "Haroonabad", "area": ["Haroonabad"] },
  { "province": "Punjab", "city": "Hasilpur", "area": ["Hasilpur"] },
  { "province": "Punjab", "city": "Haveli Lakha", "area": ["Haveli Lakha"] },
  { "province": "Balochistan", "city": "Hinglaj", "area": ["Hinglaj"] },
  { "province": "Balochistan", "city": "Hoshab", "area": ["Hoshab"] },
  { "province": "Gilgit & Baltistan", "city": "Hunza", "area": ["Hunza"] },
  {
    "province": "Sindh",
    "city": "Hyderabad",
    "area": [
      "Abdullah Sports City",
      "Al Fazal Town",
      "Bismillah City Phase 1",
      "Cantonment",
      "Defence Housing Society",
      "Gulshan-e-Fatima",
      "Gulshan-e-Hali",
      "Gulshan-e-Hameed Ali Housing Scheme",
      "Hali Nagar",
      "Hussainabad",
      "Isra Village",
      "Kohsar Housing Scheme",
      "Labor Colony",
      "Latifabad",
      "London Town",
      "Madina Town",
      "Model Town",
      "Muhammadi Town",
      "Pathan Colony",
      "Phulleli",
      "PTCL Colony",
      "Qasimabad",
      "Saddar",
      "Shahbaz Town",
      "Shah Latif",
      "Site Area",
      "Solider Bazaar",
      "Choti Gitty",
      "Hyderabad - Autobhan Road"
    ]
  },
  {
    "province": "KPK",
    "city": "Islamabad",
    "area": [
      "E - 10",
      "E - 11",
      "E - 7",
      "E - 8",
      "E - 9",
      "F - 10",
      "F - 11",
      "F - 5",
      "F - 6",
      "F - 7",
      "F - 8",
      "F - 9",
      "G - 10",
      "G - 11",
      "G - 12",
      "G - 13",
      "G - 14",
      "G - 5",
      "G - 6",
      "G - 7",
      "G - 8",
      "G - 9",
      "H - 10",
      "H - 11",
      "H - 12",
      "H - 13",
      "H - 8",
      "H - 9",
      "I - 10",
      "I - 11",
      "I - 8",
      "I - 9",
      "Ali Pur",
      "Banni Gaala",
      "Bhara Kahu",
      "Burma Town",
      "Chatta Bakhtawar",
      "Kurri Road",
      "Rawal Town",
      "Shahzad Town",
      "Shakar Parian",
      "Sihala",
      "Talai Kalan",
      "Tramrri",
      "Wapda Colony",
      "DHA - Phase 2",
      "Blue Area",
      "Tarnol",
      "PWD",
      "F - 15",
      "Ghauri Town",
      "Bahria Town - Phase 7",
      "PWD Housing Society",
      "Pakistan Town",
      "Madina Town - Islamabad"
    ]
  },
  { "province": "Sindh", "city": "Islamkot", "area": ["Islamkot"] },
  { "province": "Sindh", "city": "Jacobabad", "area": ["Jacobabad"] },
  { "province": "Punjab", "city": "Jahania", "area": ["Jahania"] },
  { "province": "Punjab", "city": "Jalla Araain", "area": ["Jalla Araain"] },
  { "province": "Sindh", "city": "Jamesabad", "area": ["Jamesabad"] },
  { "province": "Punjab", "city": "Jampur", "area": ["Jampur"] },
  { "province": "Sindh", "city": "Jamshoro", "area": ["Jamshoro"] },
  { "province": "Sindh", "city": "Janghar", "area": ["Janghar"] },
  { "province": "Punjab", "city": "Jauharabad", "area": ["Jauharabad"] },
  { "province": "Balochistan", "city": "Jhal", "area": ["Jhal"] },
  {
    "province": "Punjab",
    "city": "Jhang",
    "area": ["Ahmed Pur", "Chiniot", "Jhang", "Shorkot"]
  },
  { "province": "Balochistan", "city": "Jhatpat", "area": ["Jhatpat"] },
  {
    "province": "Punjab",
    "city": "Jhelum",
    "area": [
      "Army Quarters",
      "Arsal Town",
      "Bagh Mohalla",
      "Bilal Town",
      "Chittan",
      "Dhoke Firdous",
      "Fozila Colony",
      "Gul Afshan Colony",
      "Gulshan Town",
      "Gulzari Colony",
      "Iqbal Colony",
      "Jinnah Colony",
      "Karimpura",
      "Lalazar Colony",
      "Lota Village",
      "Mehmoodabad",
      "Model Colony",
      "Mujahid Abad",
      "Nawab Colony",
      "Naya Mohallah Jhelum",
      "New Christian Colony",
      "Shadab Colony",
      "Shamali Mohalla",
      "West Colony",
      "Jhelum"
    ]
  },
  { "province": "Sindh", "city": "Jhudo", "area": ["Jhudo"] },
  { "province": "Balochistan", "city": "Jiwani", "area": ["Jiwani"] },
  { "province": "Sindh", "city": "Jungshahi", "area": ["Jungshahi"] },
  { "province": "Punjab", "city": "Kalabagh", "area": ["Kalabagh"] },
  { "province": "KPK", "city": "Kalam", "area": ["Kalam"] },
  { "province": "Balochistan", "city": "Kalat", "area": ["Kalat"] },
  { "province": "Punjab", "city": "Kamalia", "area": ["Kamalia"] },
  { "province": "Balochistan", "city": "Kamararod", "area": ["Kamararod"] },
  { "province": "Punjab", "city": "Kamokey", "area": ["Kamokey"] },
  { "province": "Balochistan", "city": "Kandi", "area": ["Kandi"] },
  { "province": "Sindh", "city": "Kandiaro", "area": ["Kandiaro"] },
  {
    "province": "Sindh",
    "city": "Karachi",
    "area": [
      "Askari 1",
      "Askari 2",
      "Askari 3",
      "Askari 4",
      "Askari 5",
      "Bahria Town - Precinct 1",
      "Bahria Town - Precinct 10",
      "Bahria Town - Precinct 11",
      "Bahria Town - Precinct 12",
      "Bahria Town - Precinct 13",
      "Bahria Town - Precinct 14",
      "Bahria Town - Precinct 15",
      "Bahria Town - Precinct 16",
      "Bahria Town - Precinct 17",
      "Bahria Town - Precinct 18",
      "Bahria Town - Precinct 19",
      "Bahria Town - Precinct 2",
      "Bahria Town - Precinct 20",
      "Bahria Town - Precinct 21",
      "Bahria Town - Precinct 22",
      "Bahria Town - Precinct 23",
      "Bahria Town - Precinct 24",
      "Bahria Town - Precinct 25",
      "Bahria Town - Precinct 26",
      "Bahria Town - Precinct 27",
      "Bahria Town - Precinct 28",
      "Bahria Town - Precinct 29",
      "Bahria Town - Precinct 3",
      "Bahria Town - Precinct 30",
      "Bahria Town - Precinct 31",
      "Bahria Town - Precinct 32",
      "Bahria Town - Precinct 33",
      "Bahria Town - Precinct 4",
      "Bahria Town - Precinct 5",
      "Bahria Town - Precinct 6",
      "Bahria Town - Precinct 7",
      "Bahria Town - Precinct 8",
      "Bahria Town - Precinct 9",
      "BufferZone - Sector 15 A 1",
      "BufferZone - Sector 15 A 2",
      "BufferZone - Sector 15 A 3",
      "BufferZone - Sector 15 A 4",
      "BufferZone - Sector 15 A 5",
      "BufferZone - Sector 15 B",
      "BufferZone - Sector 16 A",
      "BufferZone - Sector 16 B",
      "Cantonment",
      "Clifton - Block 1",
      "Clifton - Block 2",
      "Clifton - Block 3",
      "Clifton - Block 4",
      "Clifton - Block 5",
      "Clifton - Block 6",
      "Clifton - Block 7",
      "Clifton - Block 8",
      "Clifton - Block 9",
      "Clifton - Kehkashan",
      "DHA - Phase 1",
      "DHA - Phase 2",
      "DHA - Phase 3",
      "DHA - Phase 4",
      "DHA - Phase 5",
      "DHA - Phase 6",
      "DHA - Phase 7",
      "DHA - Phase 8",
      "DHA - Phase 9",
      "F.B Area - Azizabad",
      "F.B Area - B1 Area",
      "F.B Area - B Area",
      "F.B Area - Block 1",
      "F.B Area - Block 10",
      "F.B Area - Block 11",
      "F.B Area - Block 12",
      "F.B Area - Block 13",
      "F.B Area - Block 14",
      "F.B Area - Block 15",
      "F.B Area - Block 16",
      "F.B Area - Block 17",
      "F.B Area - Block 18",
      "F.B Area - Block 19",
      "F.B Area - Block 2",
      "F.B Area - Block 20",
      "F.B Area - Block 21",
      "F.B Area - Block 22",
      "F.B Area - Block 3",
      "F.B Area - Block 4",
      "F.B Area - Block 5",
      "F.B Area - Block 6",
      "F.C Area - C1 Area",
      "F.C Area - C Area",
      "Garden - Garden East",
      "Garden - Garden West",
      "Garden - Soldier Bazaar",
      "Gulistan-e-Johar - Block 1",
      "Gulistan-e-Johar - Block 10",
      "Gulistan-e-Johar - Block 11",
      "Gulistan-e-Johar - Block 12",
      "Gulistan-e-Johar - Block 13",
      "Gulistan-e-Johar - Block 14",
      "Gulistan-e-Johar - Block 15",
      "Gulistan-e-Johar - Block 16",
      "Gulistan-e-Johar - Block 17",
      "Gulistan-e-Johar - Block 18",
      "Gulistan-e-Johar - Block 19",
      "Gulistan-e-Johar - Block 2",
      "Gulistan-e-Johar - Block 20",
      "Gulistan-e-Johar - Block 3",
      "Gulistan-e-Johar - Block 4",
      "Gulistan-e-Johar - Block 5",
      "Gulistan-e-Johar - Block 6",
      "Gulistan-e-Johar - Block 7",
      "Gulistan-e-Johar - Block 8",
      "Gulistan-e-Johar - Block 9",
      "Gulshan-e-Hadeed - Data Nagar",
      "Gulshan-e-Hadeed - EIDU Goth",
      "Gulshan-e-Hadeed - Gulshan-e-Mauzzam",
      "Gulshan-e-Hadeed - Gulshan-e-Rehman",
      "Gulshan-e-Hadeed - Mehran Road",
      "Gulshan-e-Hadeed - Phase 1",
      "Gulshan-e-Hadeed - Phase 2",
      "Gulshan-e-Hadeed - Phase 3",
      "Gulshan-e-Hadeed - PTCL Satellite Station",
      "Gulshan-e-Hadeed - Shah Latif Town",
      "Gulshan-e-Hadeed - Shahnawaz Goth",
      "Gulshan-e-Hadeed - Shah Town",
      "Gulshan-e-Hadeed - Steel Town",
      "Gulshan-e-Hadeed - TCP Godowns",
      "Gulshan-e-Iqbal - Adamjee Nagar",
      "Gulshan-e-Iqbal - Block 1",
      "Gulshan-e-Iqbal - Block 10",
      "Gulshan-e-Iqbal - Block 11",
      "Gulshan-e-Iqbal - Block 12",
      "Gulshan-e-Iqbal - Block 13",
      "Gulshan-e-Iqbal - Block 14",
      "Gulshan-e-Iqbal - Block 15",
      "Gulshan-e-Iqbal - Block 16",
      "Gulshan-e-Iqbal - Block 17",
      "Gulshan-e-Iqbal - Block 18",
      "Gulshan-e-Iqbal - Block 19",
      "Gulshan-e-Iqbal - Block 2",
      "Gulshan-e-Iqbal - Block 3",
      "Gulshan-e-Iqbal - Block 4",
      "Gulshan-e-Iqbal - Block 5",
      "Gulshan-e-Iqbal - Block 6",
      "Gulshan-e-Iqbal - Block 7",
      "Gulshan-e-Iqbal - Block 8",
      "Gulshan-e-Iqbal - Block 9",
      "Gulshan-e-Iqbal - Civic Center",
      "Gulshan-e-Iqbal - Dhoraji",
      "Korangi - Abdullah Shah Noorani Pahari Colony",
      "Korangi - Korangi Industrial Area",
      "Korangi - Nasir Colony",
      "Korangi - PAF Base Korangi Creek",
      "Korangi - Zaman Town",
      "Korangi - Zia Colony",
      "Landhi - Alflah Housing Society",
      "Landhi - Awami Colony",
      "Landhi - Bagh-e-Korangi",
      "Landhi - Bakhtawar Goth",
      "Landhi - Barmi Colony",
      "Landhi - Bhutto Nagar",
      "Landhi - Future Colony",
      "Landhi - Gulshan-e-Rafi",
      "Landhi - Ilyas Goth",
      "Landhi - Labour Colony",
      "Landhi - Landhi Industrial Area",
      "Landhi - Muslimabad Colony",
      "Landhi - Muzaffarabad Colony",
      "Landhi - Punjab Town",
      "Landhi - Qasim Town",
      "Landhi - Sadat Colony",
      "Landhi - Shah Khalid Colony",
      "Landhi - Sharafi Goth",
      "Landhi - Zamanabad",
      "Liaquatabad - Block 1",
      "Liaquatabad - Block 10",
      "Liaquatabad - Block 2",
      "Liaquatabad - Block 3",
      "Liaquatabad - Block 4",
      "Liaquatabad - Block 5",
      "Liaquatabad - Block 6",
      "Liaquatabad - Block 7",
      "Liaquatabad - Block 8",
      "Liaquatabad - Block 9",
      "Malir - Malir",
      "Malir - Malir Cantt",
      "Nazimabad - Block 1",
      "Nazimabad - Block 2",
      "Nazimabad - Block 3",
      "Nazimabad - Block 4",
      "Nazimabad - Block 5",
      "North Karachi  - Sector 10",
      "North Karachi  - Sector 11 - A",
      "North Karachi  - Sector 11 - B",
      "North Karachi  - Sector 11 - C 1",
      "North Karachi  - Sector 11 - C 2",
      "North Karachi  - Sector 11 - C 3",
      "North Karachi  - Sector 11 - E",
      "North Karachi  - Sector 11 - H",
      "North Karachi  - Sector 11 - I",
      "North Karachi  - Sector 11 - K",
      "North Karachi  - Sector 11 - L",
      "North Karachi  - Sector 2",
      "North Karachi  - Sector 3",
      "North Karachi  - Sector 4",
      "North Karachi  - Sector 5 - A 1",
      "North Karachi  - Sector 5 - A 2",
      "North Karachi  - Sector 5 - A 3",
      "North Karachi  - Sector 5 - A 4",
      "North Karachi  - Sector 5 - B 1",
      "North Karachi  - Sector 5 - B 2",
      "North Karachi  - Sector 5 - B 3",
      "North Karachi  - Sector 5 - B 4",
      "North Karachi  - Sector 5 - C 1",
      "North Karachi  - Sector 5 - C 2",
      "North Karachi  - Sector 5 - C 3",
      "North Karachi  - Sector 5 - C 4",
      "North Karachi  - Sector 5 - I",
      "North Karachi  - Sector 5 - J",
      "North Karachi  - Sector 5 - K",
      "North Karachi  - Sector 5 - L",
      "North Karachi  - Sector 5 - M",
      "North Karachi  - Sector 6",
      "North Karachi  - Sector 7 - D 1",
      "North Karachi  - Sector 7 - D 2",
      "North Karachi  - Sector 7 - D 3",
      "North Karachi  - Sector 7 - D 4",
      "North Karachi  - Sector 8",
      "North Karachi  - Sector 9",
      "North Nazimabad - Block A",
      "North Nazimabad - Block B",
      "North Nazimabad - Block C",
      "North Nazimabad - Block D",
      "North Nazimabad - Block E",
      "North Nazimabad - Block F",
      "North Nazimabad - Block G",
      "North Nazimabad - Block H",
      "North Nazimabad - Block I",
      "North Nazimabad - Block J",
      "North Nazimabad - Block K",
      "North Nazimabad - Block L",
      "North Nazimabad - Block M",
      "North Nazimabad - Block N",
      "North Nazimabad - Block O",
      "North Nazimabad - Block P",
      "North Nazimabad - Block Q",
      "North Nazimabad - Block R",
      "North Nazimabad - Block S",
      "North Nazimabad - Block T",
      "Old Town - Bhimpora",
      "Old Town - Bohra Pir",
      "Old Town - Bombay Bazar",
      "Old Town - Jodia Bazar",
      "Old Town - Kagzi Bazar",
      "Old Town - Kakri Ground",
      "Old Town - Kamil Gali",
      "Old Town - Khada Market",
      "Old Town - Kharadar",
      "Old Town - Lee Market",
      "Old Town - Mithadar",
      "Old Town - Nanwara",
      "Old Town - Nishter Road",
      "Old Town - Pan Mandi",
      "Old Town - Ramswami",
      "Old Town - Ranchorline",
      "Orangi Town - Banaras Town",
      "Orangi Town - Bangla Bazaar",
      "Orangi Town - Bilal Colony",
      "Orangi Town - Katti Pahari",
      "Orangi Town - Moria Goth Orangi",
      "Orangi Town - Orangi",
      "Orangi Town - Sector 14 - A",
      "Orangi Town - Sector 14 - C",
      "Orangi Town - Thorani Goth",
      "Baldiya Town",
      "Baloch Colony",
      "Civil Line",
      "FC Area",
      "Firdous Colony",
      "Gulshan-e-Maymar",
      "Hawksbay",
      "I.I Chundrigar",
      "Jamshed Road",
      "K.D.A Officers",
      "Kemari",
      "Liyari",
      "M.A Jinnah Rd",
      "Manora",
      "New Karachi",
      "New Surjani",
      "PIB Colony",
      "Pipri Goth",
      "Rizvia Society",
      "Saddar",
      "Scheme 33",
      "Shabbirabad",
      "P.E.C.H.S - Block 1",
      "P.E.C.H.S - Block 2",
      "P.E.C.H.S - Block 3",
      "P.E.C.H.S - Block 4",
      "P.E.C.H.S - Block 5",
      "P.E.C.H.S - Block 6",
      "P.E.C.H.S - Khalid Bin Walid",
      "P.E.C.H.S - Tariq Road",
      "S.I.T.E - Golimar",
      "S.I.T.E - S.I.T.E",
      "Shah Faisal Colony - Aswan Town",
      "Shah Faisal Colony - Gulshan-e-Asghar",
      "Shah Faisal Colony - Shah Faisal Colony 1",
      "Shah Faisal Colony - Shah Faisal Colony 5",
      "F.B Area – Block 7",
      "F.B Area - Block 9",
      "P.E.C.H.S - Block 7",
      "Aram Bagh",
      "Bath Island",
      "University Road",
      "Bahadurabad",
      "Shah Faisal Colony - 4",
      "Banglore Town",
      "Fowler Lines",
      "Shah Faisal Colony - Shamsi Society",
      "Gulshan-e-Jamal",
      "Shah Faisal Colony - 3",
      "Shah Faisal Colony - Green Town",
      "Darwaish Colony",
      "Korangi - Sector 31 B",
      "Firdous Colony",
      "North Nazimabad - Block W",
      "K.A.E.C.H.S",
      "Mehmoodabad",
      "Korangi - Mehran Town",
      "Landhi Town - 36 B",
      "Karachi Memon Society",
      "Madras Cooperative Housing Society",
      "Shahrah-e-Faisal",
      "Korangi - Sector 41 B",
      "Clifton - Delhi Colony",
      "Korangi - Sector 32 B",
      "Dhoraji - Adamjee Nagar",
      "Bhimpura",
      "Dhoraji - CP & Berar Society",
      "Shahra-e-Faisal - Umar Colony",
      "Model Colony",
      "Gulshan-e-Shamim",
      "Clifton - Shah Rasool Colony",
      "North Karachi  - Sector 12 C",
      "Jail Road - Hyderabad Colony",
      "Napier Quarter",
      "Gulzar-e-Hijri",
      "North Karachi  - Sector 12 A",
      "Shahra-e-Faisal - Jinnah Housing Society",
      "K.D.A Scheme 1",
      "Clifton - Punjab Colony",
      "Korangi - Sector 31 D",
      "Clifton - Zamzama",
      "Parsi Colony",
      "Qayyumabad",
      "Khokrapar",
      "Shah Faisal Colony - Muslimabad Malir City",
      "F.B Area - Block 8",
      "Nanak Wara",
      "Mohammad Ali Society",
      "Manzoor Colony",
      "Dalmia",
      "Defence View - Phase 1",
      "Defence View - Phase 2",
      "KDA Officers Housing Society",
      "Karimabad",
      "Soldier Bazar",
      "Hussainabad",
      "Sharfabad Society",
      "Gharibabad",
      "Sindhi Muslim Cooperative Housing Society"
    ]
  },
  { "province": "KPK", "city": "Karak", "area": ["Karak"] },
  {
    "province": "Punjab",
    "city": "Karor Lal Esan",
    "area": ["Karor Lal Esan"]
  },
  { "province": "Sindh", "city": "Kashmor", "area": ["Kashmor"] },
  {
    "province": "Punjab",
    "city": "Kasur",
    "area": [
      "Chunian",
      "Kasur",
      "Khudian Khas",
      "Pattoki",
      "Gulberg Colony - Kasur"
    ]
  },
  { "province": "Sindh", "city": "Keti Bandar", "area": ["Keti Bandar"] },
  { "province": "Sindh", "city": "Khairpur", "area": ["Khairpur"] },
  { "province": "KPK", "city": "Khanaspur", "area": ["Khanaspur"] },
  {
    "province": "Punjab",
    "city": "Khanewal",
    "area": ["Jahanian", "Kabirwala", "Khanewal", "Mian Channu"]
  },
  { "province": "Punjab", "city": "Khanpur", "area": ["Khanpur"] },
  { "province": "Balochistan", "city": "Kharan", "area": ["Kharan"] },
  { "province": "Punjab", "city": "Kharian", "area": ["Kharian"] },
  { "province": "Sindh", "city": "Khokhropur", "area": ["Khokhropur"] },
  { "province": "Kashmir", "city": "khuiratta", "area": ["khuiratta"] },
  {
    "province": "Punjab",
    "city": "Khushab",
    "area": ["Khushab", "Naushera", "Nurpur", "Quaidabad"]
  },
  { "province": "Balochistan", "city": "Khuzdar", "area": ["Khuzdar"] },
  { "province": "KPK", "city": "Kohat", "area": ["Kohat"] },
  { "province": "KPK", "city": "Kohistan", "area": ["Kohistan"] },
  { "province": "Balochistan", "city": "Kohlu", "area": ["Kohlu"] },
  { "province": "Balochistan", "city": "Korak", "area": ["Korak"] },
  { "province": "Punjab", "city": "Kot Addu", "area": ["Kot Addu"] },
  { "province": "Kashmir", "city": "KOTLI", "area": ["KOTLI"] },
  { "province": "Sindh", "city": "Kotri", "area": ["Kotri"] },
  { "province": "Punjab", "city": "Laar", "area": ["Laar"] },
  {
    "province": "Punjab",
    "city": "Lahore",
    "area": [
      "Agrics - Block A",
      "Agrics - Block B",
      "Agrics - Block C",
      "Ajmeer Town - Block A",
      "Ajmeer Town - Block B",
      "Ajmeer Town - Block C",
      "Ajmeer Town - Block D",
      "Ajmeer Town - Block E",
      "Ajmeer Town - Block F",
      "Ajmeer Town - Block G",
      "Ajmeer Town - Block H",
      "Ajmeer Town - Block I",
      "Ajmeer Town - Block J",
      "Askari 1",
      "Askari 10",
      "Askari 11",
      "Askari 2",
      "Askari 3",
      "Askari 5",
      "Askari 8",
      "Askari 9",
      "Bahria Town - Awais Qarni Block",
      "Bahria Town - Baba Block",
      "Bahria Town - Ghori Block",
      "Bahria Town - Gulbahar Block",
      "Bahria Town - Haris Block",
      "Bahria Town - Iqbal Block",
      "Bahria Town - Jasmine Block",
      "Bahria Town - Jeneper Block",
      "Bahria Town - Maidos Block",
      "Bahria Town - Nargis Block",
      "Bahria Town - Nashter Block",
      "Bahria Town - Overseas A",
      "Bahria Town - Overseas AA",
      "Bahria Town - Overseas BB",
      "Bahria Town - Overseas Extension",
      "Bahria Town - Quaid-e-Azam Block",
      "Bahria Town - Safari Block",
      "Bahria Town - Shaheen Block",
      "Bahria Town - Spring Block",
      "Bahria Town - Takbeer Block",
      "Bahria Town - Tulip Block",
      "Bahria Town - Umer Block",
      "BOR Society - Block A",
      "BOR Society - Block B",
      "BOR Society - Block C",
      "Canal City - Block A",
      "Canal City - Block B",
      "Canal City - Block C",
      "Canal City - Block D",
      "Canal Garden - Block A",
      "Canal Garden - Block AA",
      "Canal Garden - Block B",
      "Canal Garden - Block C",
      "Canal Garden - Block D",
      "Canal Garden - Block E",
      "Canal Garden - Block F",
      "Canal Garden - Block G",
      "Canal Garden - Block H",
      "Aitchison Society",
      "Ameen Park",
      "Anarkali Urdu Bazar",
      "Awaisia Colony",
      "Bilal Gunj",
      "Gawal Mandi",
      "Karim Park Ravi Road",
      "Mayo Hospital",
      "Mohni Road",
      "Naz Town",
      "Sarfraz Rafiqui Road",
      "Sarwar Colony Lahore Cantt",
      "Sultan Pura",
      "Venus Housing Scheme",
      "Chung Adda",
      "Chungi Amar Sidhu",
      "Chung Police Training Center",
      "Baghriyan",
      "Mateen Avenue",
      "Revenue Society",
      "Sheraz Town",
      "Ali Park Bedian Road",
      "Cantt View",
      "Elite Town",
      "KB Colony",
      "Nishat Colony",
      "State Life Society",
      "Sui Gas Society",
      "DHA - Phase 1",
      "DHA - Phase 2",
      "DHA - Phase 3",
      "DHA - Phase 4",
      "DHA - Phase 5",
      "DHA - Phase 6",
      "DHA - Phase 7",
      "DHA - Phase 8",
      "Eden - Canal Villas",
      "Eden - Lane Villas 1",
      "Eden - Lane Villas 2",
      "Eden - Palace Villas",
      "Eden Value Home - Block A",
      "Eden Value Home - Block B",
      "Eden Value Home - Block C",
      "Eden Value Home - Block D",
      "EME - Block A",
      "EME - Block B",
      "EME - Block C",
      "EME - Block D",
      "EME - Block E",
      "EME - Block F",
      "EME - Block G",
      "EME - Block H",
      "EME - Block J",
      "Engineers Town - Phase 3 Block A",
      "Engineers Town - Phase 3 Block A 1",
      "Engineers Town - Phase 3 Block A 2",
      "Engineers Town - Phase 3 Block A 3",
      "Engineers Town - Phase 3 Block B",
      "Engineers Town - Phase 3 Block B 1",
      "Engineers Town - Phase 3 Block B 2",
      "Engineers Town - Phase 3 Block B 3",
      "Engineers Town - Phase 3 Block C",
      "Engineers Town - Phase 3 Block C 1",
      "Engineers Town - Phase 3 Block C 2",
      "Engineers Town - Phase 3 Block C 3",
      "Engineers Town - Phase 3 Block D",
      "Engineers Town - Phase 3 Block D 1",
      "Engineers Town - Phase 3 Block D 2",
      "Engineers Town - Phase 3 Block E",
      "Engineers Town - Phase 3 Block E 1",
      "Engineers Town - Phase 3 Block E 2",
      "Engineers Town - Phase 3 Block E 3",
      "Engineers Town - Phase 3 Block E 4",
      "Engineers Town - Phase 3 Block E 5",
      "Faisal Town - Block A",
      "Faisal Town - Block B",
      "Faisal Town - Block C",
      "Faisal Town - Block C 1",
      "Faisal Town - Block D",
      "Faisal Town - H.B.F.C Society",
      "Ferozpur Road - Anum Road",
      "Ferozpur Road - Asif Town",
      "Ferozpur Road - Attari Industial Area",
      "Ferozpur Road - Dhulu Khurd",
      "Ferozpur Road - Gajumata",
      "Ferozpur Road - General Hospital",
      "Ferozpur Road - Green Caps",
      "Ferozpur Road - Nishtar Colony",
      "Ferozpur Road - Qainchi",
      "Ferozpur Road - Rohi Nala Industrial",
      "Ferozpur Road - Saroba Gardens",
      "Ferozpur Road - Sattelite Town",
      "Ferozpur Road - Shadab Colony",
      "Green Town - Sector D 1 Block 1",
      "Green Town - Sector D 1 Block 2",
      "Green Town - Sector D 1 Block 3",
      "Green Town - Sector D 1 Block 4",
      "Green Town - Sector D 1 Block 5",
      "Green Town - Sector D 2 Block 1",
      "Green Town - Sector D 2 Block 2",
      "Green Town - Sector D 2 Block 3",
      "Green Town - Sector D 2 Block 3 Nill",
      "Green Town - Sector D 2 Block 4",
      "Green Town - Sector D 2 Block 5",
      "Green Town - Sector D 2 Block 5 Nill",
      "Gulberg 2 Block A",
      "Gulberg 2 Block B",
      "Gulberg 2 Block C",
      "Gulberg 2 Block D",
      "Gulberg 2 Block E",
      "Gulberg 2 Block F",
      "Gulberg 2 Block G",
      "Gulberg 2 Block H",
      "Gulberg 2 Block J",
      "Gulberg 2 Block K",
      "Gulberg 2 Block L",
      "Gulberg 2 Block M",
      "Gulberg 2 Block N",
      "Gulberg 2 Block P",
      "Gulberg 2 Block Q",
      "Gulberg 2 Block R",
      "Gulberg 2 Block S",
      "Gulberg 2 Block T",
      "Gulberg 3 Block A 1",
      "Gulberg 3 Block A 2",
      "Gulberg 3 Block A 3",
      "Gulberg 3 Block B 1",
      "Gulberg 3 Block B 2",
      "Gulberg 3 Block B 3",
      "Gulberg 3 Block C 1",
      "Gulberg 3 Block C 2",
      "Gulberg 3 Block C 3",
      "Gulberg 3 Block D 1",
      "Gulberg 3 Block D 2",
      "Gulberg 3 Block D 3",
      "Gulberg 3 Block E 1",
      "Gulberg 3 Block E 2",
      "Gulberg 3 Block E 3",
      "Gulberg 3 Block G",
      "Gulberg 3 Block H",
      "Gulberg 3 Block J",
      "Gulberg 3 Block K",
      "Gulberg 3 Block L",
      "Gulberg 3 Block M",
      "Gulberg 3 Block N",
      "Gulberg 3 Block P",
      "Gulberg 3 Falcon Complex",
      "Gulberg 3 Firdous Market",
      "Gulberg 4 FCC",
      "Gulberg 4 FCC Kachi Basti",
      "Gulberg 4 Old FCC",
      "Gulberg 5 Aziz Avenue",
      "Gulberg 5 Bridge Colony",
      "Gulberg 5 Bridge Line",
      "Gulberg 5 Ghos-e-Azam Colony",
      "Gulberg 5 Zafar Ali Road",
      "Gulberg Guru Mangat Road",
      "Khan Colony",
      "Main Gullberg",
      "Mini Market",
      "M M Alam Road",
      "St. Francis Colony",
      "Gul-e-Daman - Block A",
      "Gul-e-Daman - Block B",
      "Gulshan-e-Ravi - Gulberg",
      "Gulshan-e-Ravi - Shalamar Town Rustam Park",
      "Iqbal Avenue - Phase 1",
      "Iqbal Avenue - Phase 2",
      "Iqbal Avenue - Phase 2 Block B",
      "Iqbal Avenue - Phase 3",
      "Iqbal Avenue - Phase 3 Block A",
      "Iqbal Avenue - Phase 3 Block B",
      "Iqbal Avenue - Phase 3 Block C",
      "Iqbal Avenue - Phase 3 Block D",
      "Iqbal Town - Asif Block",
      "Iqbal Town - Badar Block",
      "Iqbal Town - College Block",
      "Iqbal Town - Gulshan Block",
      "Iqbal Town - Huma Block",
      "Iqbal Town - Hunza Block",
      "Iqbal Town - Jahanzaib Block",
      "Iqbal Town - Kamran Block",
      "Iqbal Town - Kareem Block",
      "Iqbal Town - Kashmir Block",
      "Iqbal Town - Mehran Block",
      "Iqbal Town - Nargis Block",
      "Iqbal Town - Neelam Block",
      "Iqbal Town - Neezam Block",
      "Iqbal Town - Nishter Block",
      "Iqbal Town - Pak Block",
      "Iqbal Town - Rachna Block",
      "Iqbal Town - Ravi Block",
      "Iqbal Town - Raza Block",
      "Iqbal Town - Satluj Iqbal",
      "Iqbal Town - Sikandar Block",
      "Iqbal Town - Umer Block",
      "Johar Town - Block A",
      "Johar Town - Block A 1",
      "Johar Town - Block A 2",
      "Johar Town - Block A 3",
      "Johar Town - Block B",
      "Johar Town - Block B 1",
      "Johar Town - Block B 2",
      "Johar Town - Block B 3",
      "Johar Town - Block C",
      "Johar Town - Block C 1",
      "Johar Town - Block C 2",
      "Johar Town - Block D",
      "Johar Town - Block D 1",
      "Johar Town - Block D 2",
      "Johar Town - Block E",
      "Johar Town - Block E 1",
      "Johar Town - Block E 2",
      "Johar Town - Block F",
      "Johar Town - Block F 1",
      "Johar Town - Block F 2",
      "Johar Town - Block G",
      "Johar Town - Block G 1",
      "Judicial Colony - Phase 1",
      "Judicial Colony - Phase 2",
      "Kasoor Road - Center Park",
      "Kasoor Road - Kahna Nau",
      "Kasoor Road - Kahna Old",
      "Khayaban-e-Jinnah Road - Audit Accounts Society",
      "Khayaban-e-Jinnah Road - AWT Phase 2",
      "Khayaban-e-Jinnah Road - Bahria Orchard",
      "Khayaban-e-Jinnah Road - Gulshan e Lahore",
      "Khayaban-e-Jinnah Road - Khayban-e-Amin",
      "Khayaban-e-Jinnah Road - Lake City",
      "Khayaban-e-Jinnah Road - Shareef Medical Jati Umra",
      "Khayaban-e-Jinnah Road - Tariq Gardens",
      "Khayaban-e-Jinnah Road - UET Society",
      "Khayaban-e-Jinnah Road - Valencia Town",
      "Kot Lakh Pat - Dilkhushan",
      "Kot Lakh Pat - Kot Lakh Pat Indutrial Area",
      "Kot Lakh Pat - Kot Lakh Pat Staion Area",
      "Kot Lakh Pat - Liaqatabad",
      "Kot Lakh Pat - Modern Colony",
      "Military Accounts - Block A",
      "Military Accounts - Block B",
      "Military Accounts - Block C",
      "Military Accounts - Block D",
      "Military Accounts - Block E",
      "Model Town - Block A",
      "Model Town - Block B",
      "Model Town - Block C",
      "Model Town - Block D",
      "Model Town - Block E",
      "Model Town - Block F",
      "Model Town - Block G",
      "Model Town - Block H",
      "Model Town - Block J",
      "Model Town - Block K",
      "Model Town - Block L",
      "Model Town - Block M",
      "Model Town - Block N",
      "Model Town - Block P",
      "Model Town - Block Q",
      "Model Town - Block R",
      "Model Town - Block S",
      "Muhafiz Town - Block A",
      "Muhafiz Town - Block B",
      "Muhafiz Town - Block C",
      "Muhafiz Town - Block D",
      "Muhafiz Town - Block E",
      "Nespak - Phase 1 Block D 1",
      "Nespak - Phase 1 Block D 2",
      "Nespak - Phase 1 Block E",
      "Nespak - Phase 2 Block A",
      "Nespak - Phase 2 Block B",
      "Nespak - Phase 2 Block C",
      "Nespak - Phase 2 Block D",
      "Nespak - Phase 3 Block A",
      "Nespak - Phase 3 Block B",
      "Ahmad Nagar",
      "Chanar Bagh",
      "Guldasht Town",
      "Haloki",
      "Handu Gujjar",
      "Iqbal Park",
      "Kosar Colony",
      "Kot Abdul Malik",
      "Loharan Wala Kho",
      "Mehmood Buti Interchange",
      "New Iqbal Park",
      "New Super Town",
      "Oqaf Colony",
      "Qasori Road",
      "R.A Bazar",
      "Rehman Garden Phase 1",
      "Rehman Garden Phase 2",
      "Sadar Cantt",
      "Sarwar Road Lahore Cantt",
      "Shahpur Kanjra",
      "Shah Pur Kanjra",
      "Shami Road Lahore Cantt",
      "Pak Arab Society - Block A",
      "Pak Arab Society - Block B",
      "Pak Arab Society - Block BB",
      "Pak Arab Society - Block C",
      "Pak Arab Society - Block D",
      "Pak Arab Society - Block E",
      "Pak Arab Society - Block F",
      "Pak Arab Society - Pak Arab Society Vittal Homes",
      "PIA Society - Block A",
      "PIA Society - Block A 1",
      "PIA Society - Block B",
      "PIA Society - Block B 1",
      "PIA Society - Block C",
      "PIA Society - Block D",
      "PIA Society - Block E",
      "PIA Society - Block F",
      "Punjab Society - Block A",
      "Punjab Society - Block B",
      "Punjab Society - Block C",
      "Punjab Society - Block D",
      "Punjab Society - Phase 1 Block A 1",
      "Punjab Society - Phase 1 Block A 2",
      "Punjab Society - Phase 1 Block A 3",
      "Punjab Society - Phase 1 Block A 4",
      "Punjab Society - Phase 1 Block A 5",
      "Punjab Society - Phase 1 Block B 1",
      "Punjab Society - Phase 1 Block B 2",
      "Punjab Society - Phase 1 Block B 3",
      "Punjab Society - Phase 1 Block C 2",
      "Punjab Society - Phase 1 Block R",
      "Punjab Society - Phase 2 Block A",
      "Punjab Society - Phase 2 Block B",
      "Punjab Society - Phase 2 Block C",
      "Punjab Society - Phase 2 Block D",
      "Punjab Society - Phase 2 Block E",
      "Raiwand Road - Airline Society",
      "Raiwand Road - Ali Raza Abad Rawind Road",
      "Raiwand Road - Ali Town",
      "Raiwand Road - Architect Society",
      "Raiwand Road - Doctors Society",
      "Raiwand Road - Dream Garden",
      "Raiwand Road - Dubai Town",
      "Raiwand Road - OPF Society",
      "Raiwand Road - Shair Shah Colony",
      "Rajpoot Town - Block A",
      "Rajpoot Town - Block B",
      "Rajpoot Town - Block C",
      "Rajpoot Town - Block D",
      "River View Society - Block A",
      "River View Society - Block B",
      "Sabzazar - Mansoorah",
      "Sabzazar",
      "Sanda Islampura - Chaburji",
      "Sanda Islampura - Dev Samajh Road",
      "Sanda Islampura - Govt.College University",
      "Sanda Islampura - Islampura",
      "Sanda Islampura - Outfall Road",
      "Sanda Islampura - Rajghar",
      "Sanda Islampura - Rewarz Garden",
      "Sanda Islampura - Rizwan Gardens",
      "Sanda Islampura - Sanat Nagar",
      "Sanda Islampura - Sanda",
      "Sanda Islampura - Shamnagar",
      "Badami Bagh",
      "Shahbagh China Scheme - Sadiqia Colony",
      "Shahbagh China Scheme - Salamat Pura",
      "Shahbagh China Scheme - Walled City Lahore",
      "Shahdra - Begamkot Sharkpur Road",
      "Shahdra - Imamia Colony Rachna Town",
      "Shahdra - Shahdra Town",
      "Sitara Colony - Colony 1",
      "Sitara Colony - Colony 2",
      "Staff Colony - Block A",
      "Staff Colony - Block B",
      "Staff Colony - Block C",
      "Staff Colony - Block D",
      "Staff Colony - Block E",
      "Staff Colony - Phase 1",
      "Staff Colony - Phase 2 Block A",
      "Staff Colony - Phase 2 Block B",
      "Staff Colony - Phase 2 Block C",
      "Staff Colony - Phase 2 Block D",
      "Staff Colony - Phase 3 Block A",
      "Staff Colony - Phase 3 Block B",
      "Staff Colony - Phase 3 Block C",
      "Sukh Chain Garden - Block A",
      "Sukh Chain Garden - Block B",
      "Sukh Chain Garden - Block C",
      "Sukh Chain Garden - Block D",
      "Sukh Chain Garden - Block E",
      "Sukh Chain Garden - Block F",
      "Sukh Chain Garden - Block G",
      "Thokar Canal Road - DHA Rehber Phase 11",
      "Thokar Canal Road - New Shaheen Block Bahria",
      "Thokar Canal Road - P&D Apara Housing Society",
      "Thokar Canal Road - Sultan Town",
      "Thokar Canal Road - Westwood Colony",
      "Town Ship - Sector A 1",
      "Town Ship - Sector A 2",
      "Town Ship - Sector B 1",
      "Town Ship - Sector B 2",
      "Town Ship - Sector C 1",
      "Town Ship - Sector C 2",
      "Triocon Village - Block A",
      "Triocon Village - Block B",
      "Triocon Village - Block C",
      "Triocon Village - Block D",
      "Wapda Town - Phase 1",
      "Wapda Town - Phase 2",
      "Zarar Shaheed Road - Gulistan Colony",
      "Zarar Shaheed Road - P.A.F New Officer Coloney",
      "Zarar Shaheed Road - P.A.F Old Officer Coloney",
      "Sher Shah Colony",
      "Hall Road",
      "College Road",
      "Airport Road",
      "Walton Road",
      "Railway Station",
      "Main Boulevard Gulberg",
      "Garhi Shahu ",
      "Lakshmi Chowk",
      "Upper Mall",
      "Lower Mall Road",
      "Mall Road",
      "Jail Road",
      "Ichhra",
      "Thokar Niaz Baig",
      "Garden Town",
      "Shimla Pahari",
      "Patiala Ground",
      "Mansoorah",
      "Mozang",
      "Shad Bagh",
      "Tajpura",
      "Baghbanpura",
      "Saggiyan Bypass",
      "Sanda",
      "Model Town",
      "Raiwind Road",
      "Samanabad",
      "Kot Lakhpat",
      "Shalimar Town",
      "Bhubtian Chowk",
      "Chowk Yateem Khana",
      "Gulberg",
      "Johar Town",
      "Nishtar Town",
      "Johar Town - Block M",
      "Town Ship",
      "Fateh Garh",
      "Shadmaan",
      "Cantt",
      "Bata Pur",
      "DHA",
      "Johar Town - Block G 3",
      "Ferozepur Road",
      "Gulshan Ravi",
      "Sanat Nagar",
      "Mughalpura",
      "Defense Road ",
      "Faisal Town",
      "Manawan",
      "Jallo",
      "Bund Road",
      "Wapda Town",
      "Dharampura",
      "Shalamar Town",
      "Harbanspura",
      "Shah Alam",
      "Model Town - Square Market",
      "Chungi Amar Sidhu",
      "Allama Iqbal Town",
      "Mohlanwal",
      "Kamahan",
      "Chung",
      "Canal Road",
      "Johar Town - Block H",
      "Johar Town - Block G 4",
      "Kahna",
      "Bhatta Chowk ",
      "PGSHS",
      "Daroghawala",
      "Chauburji",
      "Muslim Town",
      "Al-Rehman Garden",
      "Rewaz Garden",
      "Dehli Gate",
      "Khuda Buksh Colony KB Society"
    ]
  },
  { "province": "Balochistan", "city": "Lahri", "area": ["Lahri"] },
  { "province": "KPK", "city": "Lakki Marwat", "area": ["Lakki Marwat"] },
  { "province": "Punjab", "city": "Lalamusa", "area": ["Lalamusa"] },
  {
    "province": "Sindh",
    "city": "Larkana",
    "area": [
      "Ahsan Housing Colony",
      "Ali Goharabad",
      "Allahabad",
      "Al Madina Colony",
      "Baharpur Mohalla",
      "Baqapur",
      "Bheda Goth",
      "Ghabi Khan Chandio Mohalla",
      "Goth Aitbar Dahani",
      "Goth Dolat Khuhro",
      "Goth Ghulab Bhutto",
      "Goth Gullan Korai",
      "Goth Kotai Bhutto",
      "Goth Udha",
      "Goth Wada Phul",
      "Kanga",
      "Karma Bagh",
      "Khaliq Colony",
      "Khosa",
      "Mahar Wada",
      "Noor Housing Colony",
      "Rahmatpur Mohalla",
      "Seerai Bazu",
      "Shahbaz Colony",
      "Site Area",
      "Waleed Mohalla",
      "Zamaan Goth"
    ]
  },
  { "province": "Balochistan", "city": "Lasbela", "area": ["Lasbela"] },
  { "province": "KPK", "city": "Latamber", "area": ["Latamber"] },
  {
    "province": "Punjab",
    "city": "Layyah",
    "area": [
      "Chaubara",
      "Chowk Azam",
      "Fatehpur",
      "Karor Lal Esan",
      "Kot Sultan",
      "Layyah"
    ]
  },
  { "province": "Balochistan", "city": "Liari", "area": ["Liari"] },
  {
    "province": "Punjab",
    "city": "Lodhran",
    "area": ["Dunyapur", "Kahror Pakka", "Lodhran"]
  },
  { "province": "Balochistan", "city": "Loralai", "area": ["Loralai"] },
  { "province": "KPK", "city": "Lower Dir", "area": ["Lower Dir"] },
  { "province": "Sindh", "city": "Lund", "area": ["Lund"] },
  { "province": "Balochistan", "city": "Mach", "area": ["Mach"] },
  { "province": "KPK", "city": "Madyan", "area": ["Madyan"] },
  { "province": "Punjab", "city": "Mailsi", "area": ["Mailsi"] },
  { "province": "Punjab", "city": "Makhdoom Aali", "area": ["Makhdoom Aali"] },
  { "province": "KPK", "city": "Malakand", "area": ["Malakand"] },
  { "province": "Punjab", "city": "Mamoori", "area": ["Mamoori"] },
  { "province": "Balochistan", "city": "Mand", "area": ["Mand"] },
  {
    "province": "Punjab",
    "city": "Mandi Bahauddin",
    "area": ["Mandi Bahauddin"]
  },
  {
    "province": "Punjab",
    "city": "Mandi Warburton",
    "area": ["Mandi Warburton"]
  },
  { "province": "Kashmir", "city": "Mangla", "area": ["Mangla"] },
  { "province": "KPK", "city": "MANSEHRA", "area": ["MANSEHRA"] },
  { "province": "KPK", "city": "MARDAN", "area": ["MARDAN"] },
  { "province": "Balochistan", "city": "Maslti", "area": ["Maslti"] },
  { "province": "KPK", "city": "Mastuj", "area": ["Mastuj"] },
  { "province": "Balochistan", "city": "Mastung", "area": ["Mastung"] },
  { "province": "Sindh", "city": "Mathi", "area": ["Mathi"] },
  { "province": "Sindh", "city": "Matiari", "area": ["Matiari"] },
  { "province": "Sindh", "city": "Mehar", "area": ["Mehar"] },
  { "province": "Balochistan", "city": "Mekhtar", "area": ["Mekhtar"] },
  {
    "province": "Punjab",
    "city": "Mianwali",
    "area": ["Isakhel", "Mianwali", "Piplan"]
  },
  { "province": "Punjab", "city": "Minawala", "area": ["Minawala"] },
  { "province": "Fata", "city": "Miram Shah", "area": ["Miram Shah"] },
  { "province": "Kashmir", "city": "MIRPUR", "area": ["MIRPUR"] },
  { "province": "Sindh", "city": "Mirpur Batoro", "area": ["Mirpur Batoro"] },
  {
    "province": "Sindh",
    "city": "Mirpur Khas",
    "area": ["Mirpur Khas", "Umer Kot"]
  },
  { "province": "Sindh", "city": "Mirpur Sakro", "area": ["Mirpur Sakro"] },
  { "province": "Sindh", "city": "Mithani", "area": ["Mithani"] },
  { "province": "Sindh", "city": "Mithi", "area": ["Mithi"] },
  { "province": "KPK", "city": "Mongora", "area": ["Mongora"] },
  { "province": "Sindh", "city": "Moro", "area": ["Moro"] },
  {
    "province": "Punjab",
    "city": "Multan",
    "area": [
      "Al Jilan Town",
      "Al Qureshi Housing Scheme",
      "Basti Kayan Pur",
      "Cantonment",
      "Faizabad",
      "Gulgasht Colony",
      "Gulraiz Town",
      "Gulshan-e-Qadir",
      "Iqra Town",
      "Jahangirabad",
      "Jalalabad",
      "Jamilabad Housing Scheme",
      "Jhakarpur",
      "Jinnah Town",
      "Johar Town",
      "Karam Khanwala",
      "Maitla Town",
      "MDA Officers Housing Society",
      "Model Town A",
      "Moza Nigana Durana",
      "Mujahid Town",
      "Muzafarabad",
      "Naseerabad",
      "Rehmat Town",
      "Saleemabad",
      "Satellite Town",
      "SherShah Town",
      "Waqas Town",
      "Yasrab Madina Town",
      "Zakariya Town",
      "Wapda Town",
      "Multan",
      "New Multan - Block V"
    ]
  },
  { "province": "Punjab", "city": "Muridke", "area": ["Muridke"] },
  { "province": "Punjab", "city": "Murree", "area": ["Murree"] },
  {
    "province": "Balochistan",
    "city": "Musa Khel Bazar",
    "area": ["Musa Khel Bazar"]
  },
  { "province": "Kashmir", "city": "MUZAFFARABAD", "area": ["MUZAFFARABAD"] },
  {
    "province": "Punjab",
    "city": "Muzaffargarh",
    "area": ["Alipur", "Jatoi", "Kot Addu", "Muzaffargarh"]
  },
  { "province": "Gilgit & Baltistan", "city": "Nagar", "area": ["Nagar"] },
  { "province": "Sindh", "city": "Nagar Parkar", "area": ["Nagar Parkar"] },
  { "province": "Balochistan", "city": "Nagha Kalat", "area": ["Nagha Kalat"] },
  { "province": "Balochistan", "city": "Nal", "area": ["Nal"] },
  { "province": "Sindh", "city": "Naokot", "area": ["Naokot"] },
  {
    "province": "Punjab",
    "city": "Narowal",
    "area": ["Narowal", "Shakkargarh"]
  },
  { "province": "Balochistan", "city": "Naseerabad", "area": ["Naseerabad"] },
  { "province": "Sindh", "city": "Naudero", "area": ["Naudero"] },
  {
    "province": "Balochistan",
    "city": "Nauroz Kalat",
    "area": ["Nauroz Kalat"]
  },
  { "province": "Sindh", "city": "Naushara", "area": ["Naushara"] },
  { "province": "Sindh", "city": "Nawabshah", "area": ["Nawabshah"] },
  { "province": "Sindh", "city": "Nazimabad", "area": ["Nazimabad"] },
  {
    "province": "Fata",
    "city": "North Waziristan",
    "area": ["North Waziristan"]
  },
  { "province": "Sindh", "city": "Noushero Feroz", "area": ["Noushero Feroz"] },
  { "province": "KPK", "city": "Nowshera", "area": ["Nowshera"] },
  { "province": "Balochistan", "city": "Nur Gamma", "area": ["Nur Gamma"] },
  { "province": "Balochistan", "city": "Nushki", "area": ["Nushki"] },
  { "province": "Balochistan", "city": "Nuttal", "area": ["Nuttal"] },
  {
    "province": "Punjab",
    "city": "Okara",
    "area": [
      "Chak 56/2 L",
      "Chak 4/4 L",
      "Ameer Colony",
      "Bari Town",
      "Basti Iqbal Nagar",
      "Basti Rehmatpura",
      "Block A",
      "Block B",
      "Block D",
      "Canal View",
      "Depalpur",
      "Faisal Mehmood Colony",
      "Faizabad Colony",
      "Farid Town",
      "Green City",
      "Gulshan Iqbal Town",
      "Imran Town",
      "Irshad Town",
      "Kot Jan Muhammad",
      "Mehar Colony",
      "Model Cooperative Housing Society",
      "Niazi",
      "Noor Garden",
      "Rehan Kot",
      "Saad City",
      "Sabir Piya Town",
      "Sabri Colony",
      "Sakri Colony",
      "Sher Rubani Town",
      "Okara"
    ]
  },
  { "province": "Balochistan", "city": "Ormara", "area": ["Ormara"] },
  { "province": "KPK", "city": "Paharpur", "area": ["Paharpur"] },
  { "province": "Punjab", "city": "Pak Pattan", "area": ["Pak Pattan"] },
  { "province": "Balochistan", "city": "Panjgur", "area": ["Panjgur"] },
  { "province": "Balochistan", "city": "Pasni", "area": ["Pasni"] },
  { "province": "Punjab", "city": "Pattoki", "area": ["Pattoki"] },
  { "province": "KPK", "city": "Peshawar", "area": ["Peshawar"] },
  { "province": "Balochistan", "city": "Pishin", "area": ["Pishin"] },
  { "province": "Kashmir", "city": "Plandri", "area": ["Plandri"] },
  { "province": "Sindh", "city": "Qambar", "area": ["Qambar"] },
  {
    "province": "Balochistan",
    "city": "Qamruddin Karez",
    "area": ["Qamruddin Karez"]
  },
  {
    "province": "Balochistan",
    "city": "Qila Abdullah",
    "area": ["Qila Abdullah"]
  },
  {
    "province": "Punjab",
    "city": "Qila Didar Singh",
    "area": ["Qila Didar Singh"]
  },
  {
    "province": "Balochistan",
    "city": "Qila Ladgasht",
    "area": ["Qila Ladgasht"]
  },
  { "province": "Balochistan", "city": "Qila safed", "area": ["Qila safed"] },
  {
    "province": "Balochistan",
    "city": "Qila Saifullah",
    "area": ["Qila Saifullah"]
  },
  {
    "province": "Balochistan",
    "city": "Quetta",
    "area": [
      "Ahmedwal",
      "Airport",
      "Ali Town",
      "Baleli",
      "Barshore",
      "Bostan",
      "Chaman",
      "Dalbandin",
      "Digari",
      "Hazar Gangi",
      "Hurram Zai",
      "Khanozai",
      "Kharan",
      "Killa Abadulllah",
      "Killi Abdur Rehman Zai",
      "Killi Verchoom",
      "Kohi Taftan",
      "Kuchlak",
      "Ladgasht",
      "Nokundi",
      "Nushki",
      "Pishin",
      "Samungali",
      "Saranan",
      "Sariab",
      "Sariab Road",
      "Satellite Town",
      "Sorange",
      "Staff College",
      "Ziarat",
      "Model Town",
      "Quetta"
    ]
  },
  { "province": "Punjab", "city": "Rabwah", "area": ["Rabwah"] },
  {
    "province": "Punjab",
    "city": "Rahim Yar Khan",
    "area": [
      "Chak 110/P",
      "Abasia Bungalows",
      "Basti Amanat Ali",
      "Block Y",
      "Dari Sangi",
      "Dastagir Colony",
      "Gulberg Town",
      "Gulshan-e-Usmani",
      "Habib Colony",
      "Hanifia Colony",
      "Hassan Colony",
      "Jaddah Town",
      "Kacha Sadiqabad Road",
      "Kanjo Muhalla",
      "Niazi Colony",
      "Rehman Colony",
      "Rehmat Nyazi Colony",
      "Scheme 2",
      "Shafi Town",
      "Trust Colony",
      "Zafar Abad Colony",
      "Rahim Yar Khan"
    ]
  },
  { "province": "Punjab", "city": "Raiwind", "area": ["Raiwind"] },
  { "province": "Punjab", "city": "Rajan Pur", "area": ["Rajan Pur"] },
  { "province": "Balochistan", "city": "Rakhni", "area": ["Rakhni"] },
  { "province": "Sindh", "city": "Ranipur", "area": ["Ranipur"] },
  { "province": "Sindh", "city": "Ratodero", "area": ["Ratodero"] },
  {
    "province": "Kashmir",
    "city": "Rawalakot",
    "area": ["Kahutta Haveli", "Rawalakot"]
  },
  {
    "province": "Punjab",
    "city": "Rawalpindi",
    "area": [
      "Adiyala Road",
      "Dhowk Sayedan",
      "Fort Road",
      "Gulshan Abad",
      "Munawar Colony",
      "Tulsa Road",
      "Afshan Colony",
      "Afzal Town",
      "Dhoke Chaudrian",
      "Lalkurti",
      "Asghar Mall",
      "Dhoke Dalal",
      "Dhoke Mangtal",
      "Eid Gah",
      "Raja Bazar",
      "Askari 1",
      "Askari 10",
      "Askari 11",
      "Askari 12",
      "Askari 13",
      "Askari 14",
      "Askari 2",
      "Askari 3",
      "Askari 4",
      "Askari 5",
      "Askari 6",
      "Askari 7",
      "Askari 8",
      "Askari 9",
      "Askari Town",
      "Shaheen Town",
      "Bahria Town - Phase 1",
      "Bahria Town - Phase 2",
      "Bahria Town - Phase 3",
      "Bahria Town - Phase 4",
      "Bahria Town - Phase 5",
      "Bahria Town - Phase 6",
      "Bahria Town - Phase 7",
      "Bahria Town - Phase 8",
      "Chaklala - Scheme 1",
      "Chaklala - Scheme 2",
      "Chaklala - Scheme 3",
      "DHA - Phase 1",
      "DHA - Phase 2",
      "Dhoke Ratta - Allahbad",
      "Dhoke Ratta - Dhoke Hassu",
      "Dhoke Ratta - Dhoke Ratta",
      "Dhoke Ratta - Kalyamabad",
      "Dhoke Ratta - Railway Colony",
      "Ghauri Town - Phase 1",
      "Ghauri Town - Phase 2",
      "Ghauri Town - Phase 3",
      "Ghauri Town - Phase 4",
      "Ghauri Town - Phase 5",
      "Ghauri Town - Phase 6",
      "Ghauri Town - Phase 7",
      "Gulraiz - Phase 1",
      "Gulraiz - Phase 2",
      "Gulraiz - Phase 3",
      "Gulraiz - Phase 4",
      "Highway - Khanna",
      "Highway - Korang Town",
      "Highway - Lohi Bhair",
      "Highway - Pakistan Town",
      "Highway - Sohan",
      "Highway - Zaraj Housing Society",
      "Lalazar - New Lalazar",
      "Lalazar - Old Lalazar",
      "Misriyal - Allama Iqbal Colony",
      "Misriyal - Chakra",
      "Misriyal - Chrisitan Colony",
      "Misriyal - Dhamial Road",
      "Misriyal - Dhoke Gujran",
      "Misriyal - Friends Colony",
      "Misriyal - Girja Road",
      "Misriyal - Madina Colony",
      "Misriyal - Misrial Road",
      "Misriyal - Nai Abadi",
      "Misriyal - PIA Colony",
      "Misriyal - Railway Scheme 7",
      "Misriyal - Siham",
      "Morgah - Morgah",
      "British Homes",
      "Gawalmandi",
      "Rawal Road - Awan Town",
      "Rawal Road - Chah Sultan",
      "Rawal Road - Iqbal Town",
      "Rawal Road - Madina Town",
      "Sadiqabad - Affandi Colony",
      "Sadiqabad - Bilal Colony",
      "Sadiqabad - Dhoke Kala Khan",
      "Sadiqabad - Dhoke Paracha",
      "Sadiqabad - Muslim Town",
      "Satellite Town",
      "Westridge 1",
      "Westridge 2",
      "Westridge 3",
      "Peshawar Road",
      "Murree Road",
      "Committee Chowk",
      "Saddar",
      "Kuri Road",
      "Adyala",
      "Shadman Town",
      "Pindora",
      "Safari Villas",
      "Marir",
      "Aria Mohalla",
      "Shakrial",
      "Kartar Pura",
      "Shamsabad",
      "China Market",
      "College Road",
      "Dhoke Syedan",
      "Khayaban e Sir Syed",
      "Stadium Road"
    ]
  },
  { "province": "Punjab", "city": "Renala Khurd", "area": ["Renala Khurd"] },
  { "province": "Balochistan", "city": "Robat Thana", "area": ["Robat Thana"] },
  { "province": "Punjab", "city": "Rohri", "area": ["Rohri"] },
  { "province": "Punjab", "city": "Sadiqabad", "area": ["Sadiqabad"] },
  {
    "province": "Punjab",
    "city": "Sahiwal",
    "area": [
      "Alawal Colony",
      "Al Haseeb Town",
      "Al Janett Colony",
      "Barkat Town",
      "Bashir Town",
      "Bhutto Nagar",
      "Canal Colony",
      "Daudpur",
      "Farid Town",
      "Ganj Shakar Colony",
      "Haseeb Town",
      "Heera Mandi",
      "Hussain Colony",
      "Jewan City",
      "Johar Town",
      "Ladu Basti",
      "Lalazar Colony",
      "Main Market",
      "Muhammadi Colony",
      "Nai Abadi",
      "Rafi Gardens",
      "Sabir Town",
      "Sadiq Town",
      "Sadman Town",
      "Saeed Ullah Mokal Colony",
      "Shadab Town",
      "Shah Din",
      "Tariq Bin Ziad Colony",
      "Wahdat Colony",
      "Wapda Colony"
    ]
  },
  { "province": "KPK", "city": "saidu sharif", "area": ["saidu sharif"] },
  { "province": "Balochistan", "city": "Saindak", "area": ["Saindak"] },
  { "province": "KPK", "city": "Sakesar", "area": ["Sakesar"] },
  { "province": "Sindh", "city": "Sakrand", "area": ["Sakrand"] },
  { "province": "Punjab", "city": "Samberial", "area": ["Samberial"] },
  { "province": "Sindh", "city": "Sanghar", "area": ["Sanghar"] },
  { "province": "Punjab", "city": "Sangla Hill", "area": ["Sangla Hill"] },
  { "province": "Balochistan", "city": "Sanjawi", "area": ["Sanjawi"] },
  { "province": "Punjab", "city": "Sarai Alamgir", "area": ["Sarai Alamgir"] },
  {
    "province": "Punjab",
    "city": "Sargodha",
    "area": [
      "Ashiana Housing Scheme",
      "Awan Abad",
      "Aziz Bhatti Town",
      "Block X",
      "Block Y",
      "Block Z",
      "Cantonment",
      "Cheema Colony",
      "Dhudi Colony",
      "Eagle City Housing Project",
      "Eden Life Housing Scheme",
      "Fatima Jinnah Colony",
      "Gulshan-e-Hayat Colony",
      "Istaqlal Abad Colony",
      "Johar Colony",
      "Khayaban-e-Sher",
      "Mahil Town",
      "Maryam Town",
      "National Town",
      "Nawab City",
      "New Civil Lines",
      "New Satellite Town",
      "Officers Colony",
      "PAF Colony",
      "Qadirabad Colony",
      "Raza Garden Phase 1",
      "Shaheen Colony",
      "Sujanpur",
      "Superior Town",
      "Waris Town",
      "Sargodha"
    ]
  },
  {
    "province": "Balochistan",
    "city": "Shabaz Kalat",
    "area": ["Shabaz Kalat"]
  },
  { "province": "Sindh", "city": "Shadadkhot", "area": ["Shadadkhot"] },
  { "province": "Sindh", "city": "Shahbandar", "area": ["Shahbandar"] },
  { "province": "Sindh", "city": "Shahdadpur", "area": ["Shahdadpur"] },
  { "province": "Balochistan", "city": "Shahpur", "area": ["Shahpur"] },
  { "province": "Sindh", "city": "Shahpur Chakar", "area": ["Shahpur Chakar"] },
  { "province": "Punjab", "city": "Shakargarh", "area": ["Shakargarh"] },
  { "province": "Gilgit & Baltistan", "city": "Shandur", "area": ["Shandur"] },
  { "province": "KPK", "city": "Shangla", "area": ["Shangla"] },
  {
    "province": "Gilgit & Baltistan",
    "city": "Shangrila",
    "area": ["Shangrila"]
  },
  {
    "province": "Balochistan",
    "city": "Sharam Jogizai",
    "area": ["Sharam Jogizai"]
  },
  {
    "province": "Punjab",
    "city": "Sheikhupura",
    "area": [
      "Baddo Murade",
      "Bhatti Dhilwan",
      "Chappa",
      "Defence Colony",
      "Dera Dhilwan",
      "E Community Housing Society",
      "Garden Town",
      "Gloria Colony",
      "Housing Colony",
      "Mairajpura",
      "Mandiala",
      "Mansoorabad",
      "Mohalla Farooq Ganj",
      "Mohalla Marajpura",
      "Mohalla Sultanpur",
      "New Civil Lines",
      "Rehmanpura",
      "Sharif Colony",
      "Sultan Colony Residences",
      "Sultanpura",
      "Sun City",
      "Tup Dar",
      "Zafar Abad",
      "Sharaqpur"
    ]
  },
  { "province": "Sindh", "city": "Shikarpur", "area": ["Shikarpur"] },
  {
    "province": "Punjab",
    "city": "Sialkot",
    "area": [
      "Beerh",
      "Begwal",
      "Bhoth",
      "Chak Mandhar",
      "Chitti Sheikhan",
      "Daluwali",
      "Dheera Sandha",
      "Dhudianwali",
      "Ghuinke",
      "Haripur",
      "Jamke Cheema Town",
      "Jhai",
      "Kais",
      "Kalaswala Town",
      "Kamanwala",
      "Kharota Syedan",
      "Khichian",
      "Langeriali",
      "Machhi Khokar",
      "Marakiwal",
      "Merajke",
      "Miani",
      "Mughal Town Gunjianwala",
      "Sialkot Cantt",
      "Sialkot City",
      "Tufail Kot",
      "Shahabpura",
      "Addah",
      "Muslim Town"
    ]
  },
  { "province": "Balochistan", "city": "Sibi", "area": ["Sibi"] },
  { "province": "Gilgit & Baltistan", "city": "Skardu", "area": ["Skardu"] },
  { "province": "Punjab", "city": "Sohawa", "area": ["Sohawa"] },
  { "province": "Balochistan", "city": "Sonmiani", "area": ["Sonmiani"] },
  { "province": "Punjab", "city": "Sooianwala", "area": ["Sooianwala"] },
  {
    "province": "Fata",
    "city": "South Waziristan",
    "area": ["South Waziristan"]
  },
  { "province": "Balochistan", "city": "Spezand", "area": ["Spezand"] },
  { "province": "Balochistan", "city": "Sui", "area": ["Sui"] },
  { "province": "Sindh", "city": "Sujawal", "area": ["Sujawal"] },
  {
    "province": "Sindh",
    "city": "Sukkur",
    "area": [
      "Abdullah Shar",
      "Agri Eng Workshop Residential Colony",
      "Arain Mohalla",
      "Bachal Shah Miani",
      "Barrage Colony",
      "G.E.C.H.S",
      "Garam Gaudi",
      "Golimar Area",
      "Gulshan-e-Iqbal",
      "Industrial Area Sukkur",
      "Jaffarabad",
      "Makka Goth",
      "Malook Shar",
      "Memon Mohalla",
      "Miandad Khan Khoso",
      "Nasirabad",
      "Nawa Goth",
      "New Pind",
      "Old Sukkur",
      "Pir Murad Shah Colony",
      "Sasti Basti",
      "Shahi Bazaar",
      "Shah Khalid Colony",
      "Soomar Goth",
      "Sukkur Cooperative Housing Society",
      "Sukkur Township",
      "Takkar Muhalla",
      "Thermal Colony",
      "Wari Tar"
    ]
  },
  { "province": "Balochistan", "city": "Suntsar", "area": ["Suntsar"] },
  { "province": "Balochistan", "city": "Surab", "area": ["Surab"] },
  { "province": "KPK", "city": "Swabi", "area": ["Swabi"] },
  { "province": "KPK", "city": "Swat", "area": ["Swat"] },
  { "province": "Punjab", "city": "Takhtbai", "area": ["Takhtbai"] },
  { "province": "Punjab", "city": "Talagang", "area": ["Talagang"] },
  { "province": "Sindh", "city": "Tando Adam", "area": ["Tando Adam"] },
  { "province": "Sindh", "city": "Tando Allahyar", "area": ["Tando Allahyar"] },
  { "province": "Sindh", "city": "Tando Bago", "area": ["Tando Bago"] },
  { "province": "KPK", "city": "Tangi", "area": ["Tangi"] },
  { "province": "Punjab", "city": "Tarbela", "area": ["Tarbela"] },
  { "province": "Punjab", "city": "Taxila", "area": ["Taxila"] },
  { "province": "KPK", "city": "Thall", "area": ["Thall"] },
  { "province": "Sindh", "city": "Thatta", "area": ["Thatta"] },
  {
    "province": "Punjab",
    "city": "Toba Tek Singh",
    "area": ["Gojra", "Kamalia", "Toba Tek Singh"]
  },
  { "province": "KPK", "city": "Tordher", "area": ["Tordher"] },
  { "province": "Balochistan", "city": "Turbat", "area": ["Turbat"] },
  { "province": "Balochistan", "city": "Umarao", "area": ["Umarao"] },
  { "province": "Sindh", "city": "Umarkot", "area": ["Umarkot"] },
  { "province": "KPK", "city": "Upper Dir", "area": ["Upper Dir"] },
  { "province": "Balochistan", "city": "Uthal", "area": ["Uthal"] },
  {
    "province": "Punjab",
    "city": "Vehari",
    "area": ["Burewala", "Mailsi", "Vehari"]
  },
  { "province": "Balochistan", "city": "Vitakri", "area": ["Vitakri"] },
  { "province": "Balochistan", "city": "Wadh", "area": ["Wadh"] },
  {
    "province": "Punjab",
    "city": "Wah Cantonment",
    "area": ["Wah Cantonment"]
  },
  { "province": "Fata", "city": "Wana", "area": ["Wana"] },
  { "province": "Sindh", "city": "Warah", "area": ["Warah"] },
  { "province": "Balochistan", "city": "Wasjuk", "area": ["Wasjuk"] },
  { "province": "Punjab", "city": "Wazirabad", "area": ["Wazirabad"] },
  { "province": "Balochistan", "city": "Yakmach", "area": ["Yakmach"] },
  { "province": "Balochistan", "city": "Zhob", "area": ["Zhob"] },
  { "province": "KPK", "city": "Chitral", "area": ["Chitral"] },
  { "province": "Sindh", "city": "Qazi Ahmad", "area": ["Qazi Ahmad"] }
]
